AMZN,2019-04-01,1814.19
AMZN,2019-04-02,1813.98
AMZN,2019-04-03,1820.7
AMZN,2019-04-04,1818.86
AMZN,2019-04-05,1837.28
AMZN,2019-04-08,1849.86
AMZN,2019-04-09,1835.84
AMZN,2019-04-10,1847.33
AMZN,2019-04-11,1844.07
AMZN,2019-04-12,1843.06
AMZN,2019-04-15,1844.87
AMZN,2019-04-16,1863.04
AMZN,2019-04-17,1864.82
AMZN,2019-04-18,1861.69
AMZN,2019-04-22,1887.31
AMZN,2019-04-23,1923.77
AMZN,2019-04-24,1901.75
AMZN,2019-04-25,1902.25
AMZN,2019-04-26,1950.63
AMZN,2019-04-29,1938.43
AMZN,2019-04-30,1926.52
AMZN,2019-05-01,1911.52
AMZN,2019-05-02,1900.82
AMZN,2019-05-03,1962.46
AMZN,2019-05-06,1950.55
AMZN,2019-05-07,1921.0
AMZN,2019-05-08,1917.77
AMZN,2019-05-09,1899.87
AMZN,2019-05-10,1889.98
AMZN,2019-05-13,1822.68
AMZN,2019-05-14,1840.12
AMZN,2019-05-15,1871.15
AMZN,2019-05-16,1907.57
AMZN,2019-05-17,1869.0
AMZN,2019-05-20,1858.97
AMZN,2019-05-21,1857.52
AMZN,2019-05-22,1859.68
AMZN,2019-05-23,1815.48
AMZN,2019-05-24,1823.28
AMZN,2019-05-28,1836.43
AMZN,2019-05-29,1819.19
AMZN,2019-05-30,1816.32
AMZN,2019-05-31,1775.07
AMZN,2019-06-03,1692.69
AMZN,2019-06-04,1729.56
AMZN,2019-06-05,1738.5
AMZN,2019-06-06,1754.36
AMZN,2019-06-07,1804.03
AMZN,2019-06-10,1860.63
AMZN,2019-06-11,1863.7
AMZN,2019-06-12,1855.32
AMZN,2019-06-13,1870.3
AMZN,2019-06-14,1869.67
AMZN,2019-06-17,1886.03
AMZN,2019-06-18,1901.37
AMZN,2019-06-19,1908.79
AMZN,2019-06-20,1918.19
AMZN,2019-06-21,1911.3
AMZN,2019-06-24,1913.9
AMZN,2019-06-25,1878.27
AMZN,2019-06-26,1897.83
AMZN,2019-06-27,1904.28
AMZN,2019-06-28,1893.63
AMZN,2019-07-01,1922.19
AMZN,2019-07-02,1934.31
AMZN,2019-07-03,1939.0
AMZN,2019-07-05,1942.91
AMZN,2019-07-08,1952.32
AMZN,2019-07-09,1988.3
AMZN,2019-07-10,2017.41
AMZN,2019-07-11,2001.07
AMZN,2019-07-12,2011.0
AMZN,2019-07-15,2020.99
AMZN,2019-07-16,2009.9
AMZN,2019-07-17,1992.03
AMZN,2019-07-18,1977.9
AMZN,2019-07-19,1964.52
AMZN,2019-07-22,1985.63
AMZN,2019-07-23,1994.49
AMZN,2019-07-24,2000.81
AMZN,2019-07-25,1973.82
AMZN,2019-07-26,1943.05
AMZN,2019-07-29,1912.45
AMZN,2019-07-30,1898.53
AMZN,2019-07-31,1866.78
AMZN,2019-08-01,1855.32
AMZN,2019-08-02,1823.24
AMZN,2019-08-05,1765.13
AMZN,2019-08-06,1787.83
AMZN,2019-08-07,1793.4
AMZN,2019-08-08,1832.89
AMZN,2019-08-09,1807.58
AMZN,2019-08-12,1784.92
AMZN,2019-08-13,1824.34
AMZN,2019-08-14,1762.96
AMZN,2019-08-15,1776.12
AMZN,2019-08-16,1792.57
AMZN,2019-08-19,1816.12
AMZN,2019-08-20,1801.38
AMZN,2019-08-21,1823.54
AMZN,2019-08-22,1804.66
AMZN,2019-08-23,1749.62
AMZN,2019-08-26,1768.87
AMZN,2019-08-27,1761.83
AMZN,2019-08-28,1764.25
AMZN,2019-08-29,1786.4
AMZN,2019-08-30,1776.29
AMZN,2019-09-03,1789.84
AMZN,2019-09-04,1800.62
AMZN,2019-09-05,1840.72
AMZN,2019-09-06,1833.51
AMZN,2019-09-09,1831.35
AMZN,2019-09-10,1820.55
AMZN,2019-09-11,1822.99
AMZN,2019-09-12,1843.55
AMZN,2019-09-13,1839.34
AMZN,2019-09-16,1807.84
AMZN,2019-09-17,1822.55
AMZN,2019-09-18,1817.46
AMZN,2019-09-19,1821.5
AMZN,2019-09-20,1794.16
AMZN,2019-09-23,1785.3
AMZN,2019-09-24,1741.61
AMZN,2019-09-25,1768.33
AMZN,2019-09-26,1739.84
AMZN,2019-09-27,1725.45
AMZN,2019-09-30,1735.91
AMZN,2019-10-01,1735.65
AMZN,2019-10-02,1713.23
AMZN,2019-10-03,1724.42
AMZN,2019-10-04,1739.65
AMZN,2019-10-07,1732.66
AMZN,2019-10-08,1705.51
AMZN,2019-10-09,1721.99
AMZN,2019-10-10,1720.26
AMZN,2019-10-11,1731.92
AMZN,2019-10-14,1736.43
AMZN,2019-10-15,1767.38
AMZN,2019-10-16,1777.43
AMZN,2019-10-17,1787.48
AMZN,2019-10-18,1757.51
AMZN,2019-10-21,1785.66
AMZN,2019-10-22,1765.73
AMZN,2019-10-23,1762.17
AMZN,2019-10-24,1780.78
AMZN,2019-10-25,1761.33
AMZN,2019-10-28,1777.08
AMZN,2019-10-29,1762.71
AMZN,2019-10-30,1779.99
AMZN,2019-10-31,1776.66
AMZN,2019-11-01,1791.44
AMZN,2019-11-04,1804.66
AMZN,2019-11-05,1801.71
AMZN,2019-11-06,1795.77
AMZN,2019-11-07,1788.2
AMZN,2019-11-08,1785.88
AMZN,2019-11-11,1771.65
AMZN,2019-11-12,1778.0
AMZN,2019-11-13,1753.11
AMZN,2019-11-14,1754.6
AMZN,2019-11-15,1739.49
AMZN,2019-11-18,1752.53
AMZN,2019-11-19,1752.79
AMZN,2019-11-20,1745.53
AMZN,2019-11-21,1734.71
AMZN,2019-11-22,1745.72
AMZN,2019-11-25,1773.84
AMZN,2019-11-26,1796.94
AMZN,2019-11-27,1818.51
AMZN,2019-11-29,1800.8
AMZN,2019-12-02,1781.6
AMZN,2019-12-03,1769.96
AMZN,2019-12-04,1760.69
AMZN,2019-12-05,1740.48
AMZN,2019-12-06,1751.6
AMZN,2019-12-09,1749.51
AMZN,2019-12-10,1739.21
AMZN,2019-12-11,1748.72
AMZN,2019-12-12,1760.33
AMZN,2019-12-13,1760.94
AMZN,2019-12-16,1769.21
AMZN,2019-12-17,1790.66
AMZN,2019-12-18,1784.03
AMZN,2019-12-19,1792.28
AMZN,2019-12-20,1786.5
AMZN,2019-12-23,1793.0
AMZN,2019-12-24,1789.21
AMZN,2019-12-26,1868.77
AMZN,2019-12-27,1869.8
AMZN,2019-12-30,1846.89
AMZN,2019-12-31,1847.84
AMZN,2020-01-02,1898.01
AMZN,2020-01-03,1874.97
AMZN,2020-01-06,1902.88
AMZN,2020-01-07,1906.86
AMZN,2020-01-08,1891.97
AMZN,2020-01-09,1901.05
AMZN,2020-01-10,1883.16
AMZN,2020-01-13,1891.3
AMZN,2020-01-14,1869.44
AMZN,2020-01-15,1862.02
AMZN,2020-01-16,1877.94
AMZN,2020-01-17,1864.72
AMZN,2020-01-21,1892.0
AMZN,2020-01-22,1887.46
AMZN,2020-01-23,1884.58
AMZN,2020-01-24,1861.64
AMZN,2020-01-27,1828.34
AMZN,2020-01-28,1853.25
AMZN,2020-01-29,1858.0
AMZN,2020-01-30,1870.68
AMZN,2020-01-31,2008.72
AMZN,2020-02-03,2004.2
AMZN,2020-02-04,2049.67
AMZN,2020-02-05,2039.87
AMZN,2020-02-06,2050.23
AMZN,2020-02-07,2079.28
AMZN,2020-02-10,2133.91
AMZN,2020-02-11,2150.8
AMZN,2020-02-12,2160.0
AMZN,2020-02-13,2149.87
AMZN,2020-02-14,2134.87
AMZN,2020-02-18,2155.67
AMZN,2020-02-19,2170.22
AMZN,2020-02-20,2153.1
AMZN,2020-02-21,2095.97
AMZN,2020-02-24,2009.29
AMZN,2020-02-25,1972.74
AMZN,2020-02-26,1979.59
AMZN,2020-02-27,1884.3
AMZN,2020-02-28,1883.75
AMZN,2020-03-02,1953.95
AMZN,2020-03-03,1908.99
AMZN,2020-03-04,1975.83
AMZN,2020-03-05,1924.03
AMZN,2020-03-06,1901.09
AMZN,2020-03-09,1800.61
AMZN,2020-03-10,1891.82
AMZN,2020-03-11,1820.86
AMZN,2020-03-12,1676.61
AMZN,2020-03-13,1785.0
AMZN,2020-03-16,1689.15
AMZN,2020-03-17,1807.84
AMZN,2020-03-18,1830.0
AMZN,2020-03-19,1880.93
AMZN,2020-03-20,1846.09
AMZN,2020-03-23,1902.83
AMZN,2020-03-24,1940.1
AMZN,2020-03-25,1885.84
AMZN,2020-03-26,1955.49
AMZN,2020-03-27,1900.1
AMZN,2020-03-30,1963.95
AMZN,2020-03-31,1949.72
AMZN,2020-04-01,1907.7
NFLX,2019-04-01,366.96
NFLX,2019-04-02,367.72
NFLX,2019-04-03,369.75
NFLX,2019-04-04,367.88
NFLX,2019-04-05,365.49
NFLX,2019-04-08,361.41
NFLX,2019-04-09,364.71
NFLX,2019-04-10,363.92
NFLX,2019-04-11,367.65
NFLX,2019-04-12,351.14
NFLX,2019-04-15,348.87
NFLX,2019-04-16,359.46
NFLX,2019-04-17,354.74
NFLX,2019-04-18,360.35
NFLX,2019-04-22,377.34
NFLX,2019-04-23,381.89
NFLX,2019-04-24,374.23
NFLX,2019-04-25,368.33
NFLX,2019-04-26,374.85
NFLX,2019-04-29,371.83
NFLX,2019-04-30,370.54
NFLX,2019-05-01,378.81
NFLX,2019-05-02,379.06
NFLX,2019-05-03,385.03
NFLX,2019-05-06,378.67
NFLX,2019-05-07,370.46
NFLX,2019-05-08,364.37
NFLX,2019-05-09,362.75
NFLX,2019-05-10,361.04
NFLX,2019-05-13,345.26
NFLX,2019-05-14,345.61
NFLX,2019-05-15,354.99
NFLX,2019-05-16,359.31
NFLX,2019-05-17,354.45
NFLX,2019-05-20,348.11
NFLX,2019-05-21,354.27
NFLX,2019-05-22,359.73
NFLX,2019-05-23,352.21
NFLX,2019-05-24,354.39
NFLX,2019-05-28,355.06
NFLX,2019-05-29,349.19
NFLX,2019-05-30,351.85
NFLX,2019-05-31,343.28
NFLX,2019-06-03,336.63
NFLX,2019-06-04,353.4
NFLX,2019-06-05,355.73
NFLX,2019-06-06,357.13
NFLX,2019-06-07,360.87
NFLX,2019-06-10,352.01
NFLX,2019-06-11,351.27
NFLX,2019-06-12,345.56
NFLX,2019-06-13,343.43
NFLX,2019-06-14,339.73
NFLX,2019-06-17,350.62
NFLX,2019-06-18,357.12
NFLX,2019-06-19,363.52
NFLX,2019-06-20,365.21
NFLX,2019-06-21,369.21
NFLX,2019-06-24,371.04
NFLX,2019-06-25,360.3
NFLX,2019-06-26,362.2
NFLX,2019-06-27,370.02
NFLX,2019-06-28,367.32
NFLX,2019-07-01,374.6
NFLX,2019-07-02,375.43
NFLX,2019-07-03,381.72
NFLX,2019-07-05,380.55
NFLX,2019-07-08,376.16
NFLX,2019-07-09,379.93
NFLX,2019-07-10,381.0
NFLX,2019-07-11,379.5
NFLX,2019-07-12,373.25
NFLX,2019-07-15,366.6
NFLX,2019-07-16,365.99
NFLX,2019-07-17,362.44
NFLX,2019-07-18,325.21
NFLX,2019-07-19,315.1
NFLX,2019-07-22,310.62
NFLX,2019-07-23,307.3
NFLX,2019-07-24,317.94
NFLX,2019-07-25,326.46
NFLX,2019-07-26,335.78
NFLX,2019-07-29,332.7
NFLX,2019-07-30,325.93
NFLX,2019-07-31,322.99
NFLX,2019-08-01,319.5
NFLX,2019-08-02,318.83
NFLX,2019-08-05,307.63
NFLX,2019-08-06,310.1
NFLX,2019-08-07,304.29
NFLX,2019-08-08,315.9
NFLX,2019-08-09,308.93
NFLX,2019-08-12,310.83
NFLX,2019-08-13,312.28
NFLX,2019-08-14,299.11
NFLX,2019-08-15,295.76
NFLX,2019-08-16,302.8
NFLX,2019-08-19,309.38
NFLX,2019-08-20,298.99
NFLX,2019-08-21,297.81
NFLX,2019-08-22,296.93
NFLX,2019-08-23,291.44
NFLX,2019-08-26,294.98
NFLX,2019-08-27,291.03
NFLX,2019-08-28,291.77
NFLX,2019-08-29,296.78
NFLX,2019-08-30,293.75
NFLX,2019-09-03,289.29
NFLX,2019-09-04,291.52
NFLX,2019-09-05,293.25
NFLX,2019-09-06,290.17
NFLX,2019-09-09,294.34
NFLX,2019-09-10,287.99
NFLX,2019-09-11,288.27
NFLX,2019-09-12,288.86
NFLX,2019-09-13,294.15
NFLX,2019-09-16,294.29
NFLX,2019-09-17,298.6
NFLX,2019-09-18,291.56
NFLX,2019-09-19,286.6
NFLX,2019-09-20,270.75
NFLX,2019-09-23,265.92
NFLX,2019-09-24,254.59
NFLX,2019-09-25,264.75
NFLX,2019-09-26,263.31
NFLX,2019-09-27,263.08
NFLX,2019-09-30,267.62
NFLX,2019-10-01,269.58
NFLX,2019-10-02,268.03
NFLX,2019-10-03,268.15
NFLX,2019-10-04,272.79
NFLX,2019-10-07,274.46
NFLX,2019-10-08,270.72
NFLX,2019-10-09,267.53
NFLX,2019-10-10,280.48
NFLX,2019-10-11,282.93
NFLX,2019-10-14,285.53
NFLX,2019-10-15,284.25
NFLX,2019-10-16,286.28
NFLX,2019-10-17,293.35
NFLX,2019-10-18,275.3
NFLX,2019-10-21,278.05
NFLX,2019-10-22,266.69
NFLX,2019-10-23,271.27
NFLX,2019-10-24,271.5
NFLX,2019-10-25,276.82
NFLX,2019-10-28,281.86
NFLX,2019-10-29,281.21
NFLX,2019-10-30,291.45
NFLX,2019-10-31,287.41
NFLX,2019-11-01,286.81
NFLX,2019-11-04,292.86
NFLX,2019-11-05,288.03
NFLX,2019-11-06,288.59
NFLX,2019-11-07,289.57
NFLX,2019-11-08,291.57
NFLX,2019-11-11,294.18
NFLX,2019-11-12,292.01
NFLX,2019-11-13,283.11
NFLX,2019-11-14,289.62
NFLX,2019-11-15,295.03
NFLX,2019-11-18,302.57
NFLX,2019-11-19,302.6
NFLX,2019-11-20,305.16
NFLX,2019-11-21,311.69
NFLX,2019-11-22,310.48
NFLX,2019-11-25,315.55
NFLX,2019-11-26,312.49
NFLX,2019-11-27,315.93
NFLX,2019-11-29,314.66
NFLX,2019-12-02,309.99
NFLX,2019-12-03,306.16
NFLX,2019-12-04,304.32
NFLX,2019-12-05,302.86
NFLX,2019-12-06,307.35
NFLX,2019-12-09,302.5
NFLX,2019-12-10,293.12
NFLX,2019-12-11,298.93
NFLX,2019-12-12,298.44
NFLX,2019-12-13,298.5
NFLX,2019-12-16,304.21
NFLX,2019-12-17,315.48
NFLX,2019-12-18,320.8
NFLX,2019-12-19,332.22
NFLX,2019-12-20,336.9
NFLX,2019-12-23,333.1
NFLX,2019-12-24,333.2
NFLX,2019-12-26,332.63
NFLX,2019-12-27,329.09
NFLX,2019-12-30,323.31
NFLX,2019-12-31,323.57
NFLX,2020-01-02,329.81
NFLX,2020-01-03,325.9
NFLX,2020-01-06,335.83
NFLX,2020-01-07,330.75
NFLX,2020-01-08,339.26
NFLX,2020-01-09,335.66
NFLX,2020-01-10,329.05
NFLX,2020-01-13,338.92
NFLX,2020-01-14,338.69
NFLX,2020-01-15,339.07
NFLX,2020-01-16,338.62
NFLX,2020-01-17,339.67
NFLX,2020-01-21,338.11
NFLX,2020-01-22,326.0
NFLX,2020-01-23,349.6
NFLX,2020-01-24,353.16
NFLX,2020-01-27,342.88
NFLX,2020-01-28,348.52
NFLX,2020-01-29,343.16
NFLX,2020-01-30,347.74
NFLX,2020-01-31,345.09
NFLX,2020-02-03,358.0
NFLX,2020-02-04,369.01
NFLX,2020-02-05,369.67
NFLX,2020-02-06,366.95
NFLX,2020-02-07,366.77
NFLX,2020-02-10,371.07
NFLX,2020-02-11,373.69
NFLX,2020-02-12,380.01
NFLX,2020-02-13,381.4
NFLX,2020-02-14,380.4
NFLX,2020-02-18,387.78
NFLX,2020-02-19,386.19
NFLX,2020-02-20,386.0
NFLX,2020-02-21,380.07
NFLX,2020-02-24,368.7
NFLX,2020-02-25,360.09
NFLX,2020-02-26,379.24
NFLX,2020-02-27,371.71
NFLX,2020-02-28,369.03
NFLX,2020-03-02,381.05
NFLX,2020-03-03,368.77
NFLX,2020-03-04,383.79
NFLX,2020-03-05,372.78
NFLX,2020-03-06,368.97
NFLX,2020-03-09,346.49
NFLX,2020-03-10,364.13
NFLX,2020-03-11,349.92
NFLX,2020-03-12,315.25
NFLX,2020-03-13,336.3
NFLX,2020-03-16,298.84
NFLX,2020-03-17,319.75
NFLX,2020-03-18,315.47
NFLX,2020-03-19,332.03
NFLX,2020-03-20,332.83
NFLX,2020-03-23,360.27
NFLX,2020-03-24,357.32
NFLX,2020-03-25,342.39
NFLX,2020-03-26,362.99
NFLX,2020-03-27,357.12
NFLX,2020-03-30,370.96
NFLX,2020-03-31,375.5
NFLX,2020-04-01,364.08
CMCSA,2019-04-01,40.31
CMCSA,2019-04-02,40.02
CMCSA,2019-04-03,40.27
CMCSA,2019-04-04,40.41
CMCSA,2019-04-05,40.42
CMCSA,2019-04-08,40.71
CMCSA,2019-04-09,41.04
CMCSA,2019-04-10,41.08
CMCSA,2019-04-11,41.04
CMCSA,2019-04-12,41.3
CMCSA,2019-04-15,41.78
CMCSA,2019-04-16,41.97
CMCSA,2019-04-17,42.57
CMCSA,2019-04-18,42.43
CMCSA,2019-04-22,42.0
CMCSA,2019-04-23,41.99
CMCSA,2019-04-24,41.85
CMCSA,2019-04-25,42.93
CMCSA,2019-04-26,43.08
CMCSA,2019-04-29,43.45
CMCSA,2019-04-30,43.53
CMCSA,2019-05-01,43.42
CMCSA,2019-05-02,42.65
CMCSA,2019-05-03,43.29
CMCSA,2019-05-06,43.3
CMCSA,2019-05-07,42.76
CMCSA,2019-05-08,42.55
CMCSA,2019-05-09,42.92
CMCSA,2019-05-10,43.15
CMCSA,2019-05-13,42.28
CMCSA,2019-05-14,42.91
CMCSA,2019-05-15,42.49
CMCSA,2019-05-16,43.19
CMCSA,2019-05-17,43.54
CMCSA,2019-05-20,42.78
CMCSA,2019-05-21,43.29
CMCSA,2019-05-22,43.3
CMCSA,2019-05-23,42.73
CMCSA,2019-05-24,42.67
CMCSA,2019-05-28,42.47
CMCSA,2019-05-29,41.92
CMCSA,2019-05-30,41.74
CMCSA,2019-05-31,41.0
CMCSA,2019-06-03,40.96
CMCSA,2019-06-04,41.4
CMCSA,2019-06-05,41.3
CMCSA,2019-06-06,41.15
CMCSA,2019-06-07,41.48
CMCSA,2019-06-10,41.29
CMCSA,2019-06-11,41.22
CMCSA,2019-06-12,41.45
CMCSA,2019-06-13,41.69
CMCSA,2019-06-14,42.31
CMCSA,2019-06-17,42.56
CMCSA,2019-06-18,43.25
CMCSA,2019-06-19,43.14
CMCSA,2019-06-20,43.68
CMCSA,2019-06-21,43.56
CMCSA,2019-06-24,43.6
CMCSA,2019-06-25,42.75
CMCSA,2019-06-26,42.11
CMCSA,2019-06-27,42.0
CMCSA,2019-06-28,42.28
CMCSA,2019-07-01,42.71
CMCSA,2019-07-02,42.89
CMCSA,2019-07-03,43.32
CMCSA,2019-07-05,43.28
CMCSA,2019-07-08,42.63
CMCSA,2019-07-09,42.98
CMCSA,2019-07-10,43.79
CMCSA,2019-07-11,44.08
CMCSA,2019-07-12,44.64
CMCSA,2019-07-15,44.72
CMCSA,2019-07-16,45.09
CMCSA,2019-07-17,44.43
CMCSA,2019-07-18,44.56
CMCSA,2019-07-19,44.06
CMCSA,2019-07-22,43.85
CMCSA,2019-07-23,44.32
CMCSA,2019-07-24,44.87
CMCSA,2019-07-25,44.61
CMCSA,2019-07-26,44.63
CMCSA,2019-07-29,44.23
CMCSA,2019-07-30,44.08
CMCSA,2019-07-31,43.17
CMCSA,2019-08-01,42.88
CMCSA,2019-08-02,42.65
CMCSA,2019-08-05,41.61
CMCSA,2019-08-06,42.07
CMCSA,2019-08-07,41.73
CMCSA,2019-08-08,42.66
CMCSA,2019-08-09,42.93
CMCSA,2019-08-12,42.46
CMCSA,2019-08-13,43.46
CMCSA,2019-08-14,42.37
CMCSA,2019-08-15,42.35
CMCSA,2019-08-16,43.18
CMCSA,2019-08-19,44.0
CMCSA,2019-08-20,43.94
CMCSA,2019-08-21,44.11
CMCSA,2019-08-22,43.77
CMCSA,2019-08-23,42.43
CMCSA,2019-08-26,43.35
CMCSA,2019-08-27,43.6
CMCSA,2019-08-28,43.77
CMCSA,2019-08-29,44.17
CMCSA,2019-08-30,44.26
CMCSA,2019-09-03,43.88
CMCSA,2019-09-04,45.52
CMCSA,2019-09-05,46.41
CMCSA,2019-09-06,46.35
CMCSA,2019-09-09,46.42
CMCSA,2019-09-10,46.45
CMCSA,2019-09-11,46.4
CMCSA,2019-09-12,46.97
CMCSA,2019-09-13,46.88
CMCSA,2019-09-16,46.27
CMCSA,2019-09-17,46.67
CMCSA,2019-09-18,46.94
CMCSA,2019-09-19,46.68
CMCSA,2019-09-20,46.36
CMCSA,2019-09-23,46.22
CMCSA,2019-09-24,45.71
CMCSA,2019-09-25,45.83
CMCSA,2019-09-26,44.9
CMCSA,2019-09-27,44.81
CMCSA,2019-09-30,45.08
CMCSA,2019-10-01,44.52
CMCSA,2019-10-02,44.05
CMCSA,2019-10-03,44.06
CMCSA,2019-10-04,44.71
CMCSA,2019-10-07,44.59
CMCSA,2019-10-08,44.11
CMCSA,2019-10-09,44.38
CMCSA,2019-10-10,44.5
CMCSA,2019-10-11,45.55
CMCSA,2019-10-14,45.23
CMCSA,2019-10-15,45.67
CMCSA,2019-10-16,45.6
CMCSA,2019-10-17,45.93
CMCSA,2019-10-18,45.57
CMCSA,2019-10-21,46.08
CMCSA,2019-10-22,45.77
CMCSA,2019-10-23,45.72
CMCSA,2019-10-24,44.84
CMCSA,2019-10-25,45.65
CMCSA,2019-10-28,45.44
CMCSA,2019-10-29,45.35
CMCSA,2019-10-30,44.69
CMCSA,2019-10-31,44.82
CMCSA,2019-11-01,44.75
CMCSA,2019-11-04,43.89
CMCSA,2019-11-05,44.28
CMCSA,2019-11-06,44.22
CMCSA,2019-11-07,44.7
CMCSA,2019-11-08,45.19
CMCSA,2019-11-11,45.25
CMCSA,2019-11-12,45.23
CMCSA,2019-11-13,45.2
CMCSA,2019-11-14,45.45
CMCSA,2019-11-15,44.56
CMCSA,2019-11-18,44.61
CMCSA,2019-11-19,44.81
CMCSA,2019-11-20,44.22
CMCSA,2019-11-21,44.36
CMCSA,2019-11-22,44.8
CMCSA,2019-11-25,43.35
CMCSA,2019-11-26,43.55
CMCSA,2019-11-27,44.42
CMCSA,2019-11-29,44.15
CMCSA,2019-12-02,43.63
CMCSA,2019-12-03,43.65
CMCSA,2019-12-04,43.51
CMCSA,2019-12-05,44.04
CMCSA,2019-12-06,44.24
CMCSA,2019-12-09,43.89
CMCSA,2019-12-10,42.77
CMCSA,2019-12-11,42.07
CMCSA,2019-12-12,43.01
CMCSA,2019-12-13,43.58
CMCSA,2019-12-16,43.53
CMCSA,2019-12-17,43.39
CMCSA,2019-12-18,43.19
CMCSA,2019-12-19,43.64
CMCSA,2019-12-20,44.09
CMCSA,2019-12-23,44.1
CMCSA,2019-12-24,44.53
CMCSA,2019-12-26,44.97
CMCSA,2019-12-27,45.1
CMCSA,2019-12-30,45.18
CMCSA,2019-12-31,44.97
CMCSA,2020-01-02,45.37
CMCSA,2020-01-03,45.01
CMCSA,2020-01-06,44.67
CMCSA,2020-01-07,44.93
CMCSA,2020-01-08,45.39
CMCSA,2020-01-09,45.51
CMCSA,2020-01-10,44.98
CMCSA,2020-01-13,45.8
CMCSA,2020-01-14,46.03
CMCSA,2020-01-15,46.28
CMCSA,2020-01-16,46.87
CMCSA,2020-01-17,47.5
CMCSA,2020-01-21,47.3
CMCSA,2020-01-22,47.44
CMCSA,2020-01-23,45.65
CMCSA,2020-01-24,44.59
CMCSA,2020-01-27,44.0
CMCSA,2020-01-28,44.04
CMCSA,2020-01-29,43.32
CMCSA,2020-01-30,44.14
CMCSA,2020-01-31,43.19
CMCSA,2020-02-03,42.66
CMCSA,2020-02-04,44.28
CMCSA,2020-02-05,44.59
CMCSA,2020-02-06,44.6
CMCSA,2020-02-07,44.74
CMCSA,2020-02-10,44.66
CMCSA,2020-02-11,44.79
CMCSA,2020-02-12,46.02
CMCSA,2020-02-13,46.07
CMCSA,2020-02-14,46.09
CMCSA,2020-02-18,46.15
CMCSA,2020-02-19,45.97
CMCSA,2020-02-20,46.02
CMCSA,2020-02-21,45.82
CMCSA,2020-02-24,44.6
CMCSA,2020-02-25,43.17
CMCSA,2020-02-26,42.22
CMCSA,2020-02-27,41.05
CMCSA,2020-02-28,40.43
CMCSA,2020-03-02,42.52
CMCSA,2020-03-03,41.44
CMCSA,2020-03-04,42.5
CMCSA,2020-03-05,40.77
CMCSA,2020-03-06,40.37
CMCSA,2020-03-09,37.88
CMCSA,2020-03-10,39.1
CMCSA,2020-03-11,37.91
CMCSA,2020-03-12,34.94
CMCSA,2020-03-13,39.33
CMCSA,2020-03-16,36.04
CMCSA,2020-03-17,38.22
CMCSA,2020-03-18,35.68
CMCSA,2020-03-19,35.94
CMCSA,2020-03-20,33.37
CMCSA,2020-03-23,34.17
CMCSA,2020-03-24,34.64
CMCSA,2020-03-25,33.57
CMCSA,2020-03-26,36.74
CMCSA,2020-03-27,34.57
CMCSA,2020-03-30,35.49
CMCSA,2020-03-31,34.38
CMCSA,2020-04-01,32.42
FB,2019-04-01,168.7
FB,2019-04-02,174.2
FB,2019-04-03,173.54
FB,2019-04-04,176.02
FB,2019-04-05,175.72
FB,2019-04-08,174.93
FB,2019-04-09,177.58
FB,2019-04-10,177.82
FB,2019-04-11,177.51
FB,2019-04-12,179.1
FB,2019-04-15,179.65
FB,2019-04-16,178.87
FB,2019-04-17,178.78
FB,2019-04-18,178.28
FB,2019-04-22,181.44
FB,2019-04-23,183.78
FB,2019-04-24,182.58
FB,2019-04-25,193.26
FB,2019-04-26,191.49
FB,2019-04-29,194.78
FB,2019-04-30,193.4
FB,2019-05-01,193.03
FB,2019-05-02,192.53
FB,2019-05-03,195.47
FB,2019-05-06,193.88
FB,2019-05-07,189.77
FB,2019-05-08,189.54
FB,2019-05-09,188.65
FB,2019-05-10,188.34
FB,2019-05-13,181.54
FB,2019-05-14,180.73
FB,2019-05-15,186.27
FB,2019-05-16,186.99
FB,2019-05-17,185.3
FB,2019-05-20,182.72
FB,2019-05-21,184.82
FB,2019-05-22,185.32
FB,2019-05-23,180.87
FB,2019-05-24,181.06
FB,2019-05-28,184.31
FB,2019-05-29,182.19
FB,2019-05-30,183.01
FB,2019-05-31,177.47
FB,2019-06-03,164.15
FB,2019-06-04,167.5
FB,2019-06-05,168.17
FB,2019-06-06,168.33
FB,2019-06-07,173.35
FB,2019-06-10,174.82
FB,2019-06-11,178.1
FB,2019-06-12,175.04
FB,2019-06-13,177.47
FB,2019-06-14,181.33
FB,2019-06-17,189.01
FB,2019-06-18,188.47
FB,2019-06-19,187.48
FB,2019-06-20,189.53
FB,2019-06-21,191.14
FB,2019-06-24,192.6
FB,2019-06-25,188.84
FB,2019-06-26,187.66
FB,2019-06-27,189.5
FB,2019-06-28,193.0
FB,2019-07-01,193.0
FB,2019-07-02,195.0
FB,2019-07-03,197.2
FB,2019-07-05,196.4
FB,2019-07-08,195.76
FB,2019-07-09,199.21
FB,2019-07-10,202.73
FB,2019-07-11,201.23
FB,2019-07-12,204.87
FB,2019-07-15,203.91
FB,2019-07-16,203.84
FB,2019-07-17,201.8
FB,2019-07-18,200.78
FB,2019-07-19,198.36
FB,2019-07-22,202.32
FB,2019-07-23,202.36
FB,2019-07-24,204.66
FB,2019-07-25,200.71
FB,2019-07-26,199.75
FB,2019-07-29,195.94
FB,2019-07-30,197.04
FB,2019-07-31,194.23
FB,2019-08-01,192.73
FB,2019-08-02,189.02
FB,2019-08-05,181.73
FB,2019-08-06,184.51
FB,2019-08-07,185.15
FB,2019-08-08,190.16
FB,2019-08-09,187.85
FB,2019-08-12,185.37
FB,2019-08-13,188.45
FB,2019-08-14,179.71
FB,2019-08-15,182.59
FB,2019-08-16,183.7
FB,2019-08-19,186.17
FB,2019-08-20,183.81
FB,2019-08-21,183.55
FB,2019-08-22,182.04
FB,2019-08-23,177.75
FB,2019-08-26,180.36
FB,2019-08-27,181.3
FB,2019-08-28,181.76
FB,2019-08-29,185.57
FB,2019-08-30,185.67
FB,2019-09-03,182.39
FB,2019-09-04,187.14
FB,2019-09-05,190.9
FB,2019-09-06,187.49
FB,2019-09-09,188.76
FB,2019-09-10,186.17
FB,2019-09-11,188.49
FB,2019-09-12,187.47
FB,2019-09-13,187.19
FB,2019-09-16,186.22
FB,2019-09-17,188.08
FB,2019-09-18,188.14
FB,2019-09-19,190.14
FB,2019-09-20,189.93
FB,2019-09-23,186.82
FB,2019-09-24,181.28
FB,2019-09-25,182.8
FB,2019-09-26,180.11
FB,2019-09-27,177.1
FB,2019-09-30,178.08
FB,2019-10-01,175.81
FB,2019-10-02,174.6
FB,2019-10-03,179.38
FB,2019-10-04,180.45
FB,2019-10-07,179.68
FB,2019-10-08,177.75
FB,2019-10-09,179.85
FB,2019-10-10,180.03
FB,2019-10-11,184.19
FB,2019-10-14,183.28
FB,2019-10-15,188.89
FB,2019-10-16,189.55
FB,2019-10-17,190.39
FB,2019-10-18,185.85
FB,2019-10-21,189.76
FB,2019-10-22,182.34
FB,2019-10-23,186.15
FB,2019-10-24,186.38
FB,2019-10-25,187.89
FB,2019-10-28,189.4
FB,2019-10-29,189.31
FB,2019-10-30,188.25
FB,2019-10-31,191.65
FB,2019-11-01,193.62
FB,2019-11-04,194.72
FB,2019-11-05,194.32
FB,2019-11-06,191.55
FB,2019-11-07,190.42
FB,2019-11-08,190.84
FB,2019-11-11,189.61
FB,2019-11-12,194.47
FB,2019-11-13,193.19
FB,2019-11-14,193.15
FB,2019-11-15,195.1
FB,2019-11-18,197.4
FB,2019-11-19,199.32
FB,2019-11-20,197.51
FB,2019-11-21,197.93
FB,2019-11-22,198.82
FB,2019-11-25,199.79
FB,2019-11-26,198.97
FB,2019-11-27,202.0
FB,2019-11-29,201.64
FB,2019-12-02,199.7
FB,2019-12-03,198.82
FB,2019-12-04,198.71
FB,2019-12-05,199.36
FB,2019-12-06,201.05
FB,2019-12-09,201.34
FB,2019-12-10,200.87
FB,2019-12-11,202.26
FB,2019-12-12,196.75
FB,2019-12-13,194.11
FB,2019-12-16,197.92
FB,2019-12-17,198.39
FB,2019-12-18,202.5
FB,2019-12-19,206.06
FB,2019-12-20,206.3
FB,2019-12-23,206.18
FB,2019-12-24,205.12
FB,2019-12-26,207.79
FB,2019-12-27,208.1
FB,2019-12-30,204.41
FB,2019-12-31,205.25
FB,2020-01-02,209.78
FB,2020-01-03,208.67
FB,2020-01-06,212.6
FB,2020-01-07,213.06
FB,2020-01-08,215.22
FB,2020-01-09,218.3
FB,2020-01-10,218.06
FB,2020-01-13,221.91
FB,2020-01-14,219.06
FB,2020-01-15,221.15
FB,2020-01-16,221.77
FB,2020-01-17,222.14
FB,2020-01-21,221.44
FB,2020-01-22,221.32
FB,2020-01-23,219.76
FB,2020-01-24,217.94
FB,2020-01-27,214.87
FB,2020-01-28,217.79
FB,2020-01-29,223.23
FB,2020-01-30,209.53
FB,2020-01-31,201.91
FB,2020-02-03,204.19
FB,2020-02-04,209.83
FB,2020-02-05,210.11
FB,2020-02-06,210.85
FB,2020-02-07,212.33
FB,2020-02-10,213.06
FB,2020-02-11,207.19
FB,2020-02-12,210.76
FB,2020-02-13,213.14
FB,2020-02-14,214.18
FB,2020-02-18,217.8
FB,2020-02-19,217.49
FB,2020-02-20,214.58
FB,2020-02-21,210.18
FB,2020-02-24,200.72
FB,2020-02-25,196.77
FB,2020-02-26,197.2
FB,2020-02-27,189.75
FB,2020-02-28,192.47
FB,2020-03-02,196.44
FB,2020-03-03,185.89
FB,2020-03-04,191.76
FB,2020-03-05,185.17
FB,2020-03-06,181.09
FB,2020-03-09,169.5
FB,2020-03-10,178.19
FB,2020-03-11,170.24
FB,2020-03-12,154.47
FB,2020-03-13,170.28
FB,2020-03-16,146.01
FB,2020-03-17,149.42
FB,2020-03-18,146.96
FB,2020-03-19,153.13
FB,2020-03-20,149.73
FB,2020-03-23,148.1
FB,2020-03-24,160.98
FB,2020-03-25,156.21
FB,2020-03-26,163.34
FB,2020-03-27,156.79
FB,2020-03-30,165.95
FB,2020-03-31,166.8
FB,2020-04-01,159.6
GE,2019-04-01,10.1
GE,2019-04-02,10.24
GE,2019-04-03,10.1
GE,2019-04-04,10.03
GE,2019-04-05,10.01
GE,2019-04-08,9.49
GE,2019-04-09,9.22
GE,2019-04-10,9.16
GE,2019-04-11,9.12
GE,2019-04-12,9.0
GE,2019-04-15,8.98
GE,2019-04-16,9.14
GE,2019-04-17,9.12
GE,2019-04-18,9.35
GE,2019-04-22,9.32
GE,2019-04-23,9.33
GE,2019-04-24,9.32
GE,2019-04-25,9.12
GE,2019-04-26,9.57
GE,2019-04-29,9.73
GE,2019-04-30,10.17
GE,2019-05-01,10.1
GE,2019-05-02,10.25
GE,2019-05-03,10.5
GE,2019-05-06,10.43
GE,2019-05-07,10.11
GE,2019-05-08,10.16
GE,2019-05-09,10.04
GE,2019-05-10,10.13
GE,2019-05-13,9.87
GE,2019-05-14,10.32
GE,2019-05-15,10.26
GE,2019-05-16,10.13
GE,2019-05-17,10.0
GE,2019-05-20,9.88
GE,2019-05-21,9.96
GE,2019-05-22,9.9
GE,2019-05-23,9.56
GE,2019-05-24,9.45
GE,2019-05-28,9.36
GE,2019-05-29,9.37
GE,2019-05-30,9.47
GE,2019-05-31,9.44
GE,2019-06-03,9.53
GE,2019-06-04,10.0
GE,2019-06-05,9.89
GE,2019-06-06,9.92
GE,2019-06-07,9.98
GE,2019-06-10,10.05
GE,2019-06-11,10.12
GE,2019-06-12,10.28
GE,2019-06-13,10.31
GE,2019-06-14,10.23
GE,2019-06-17,10.05
GE,2019-06-18,10.42
GE,2019-06-19,10.34
GE,2019-06-20,10.63
GE,2019-06-21,10.48
GE,2019-06-24,10.28
GE,2019-06-25,10.22
GE,2019-06-26,10.27
GE,2019-06-27,10.4
GE,2019-06-28,10.5
GE,2019-07-01,10.63
GE,2019-07-02,10.62
GE,2019-07-03,10.61
GE,2019-07-05,10.5
GE,2019-07-08,10.2
GE,2019-07-09,10.25
GE,2019-07-10,10.2
GE,2019-07-11,10.11
GE,2019-07-12,10.37
GE,2019-07-15,10.27
GE,2019-07-16,10.38
GE,2019-07-17,9.98
GE,2019-07-18,10.06
GE,2019-07-19,10.04
GE,2019-07-22,10.21
GE,2019-07-23,10.65
GE,2019-07-24,10.68
GE,2019-07-25,10.43
GE,2019-07-26,10.51
GE,2019-07-29,10.38
GE,2019-07-30,10.52
GE,2019-07-31,10.45
GE,2019-08-01,10.08
GE,2019-08-02,10.0
GE,2019-08-05,9.66
GE,2019-08-06,9.57
GE,2019-08-07,9.46
GE,2019-08-08,9.49
GE,2019-08-09,9.15
GE,2019-08-12,9.05
GE,2019-08-13,9.35
GE,2019-08-14,9.03
GE,2019-08-15,8.01
GE,2019-08-16,8.79
GE,2019-08-19,8.67
GE,2019-08-20,8.38
GE,2019-08-21,8.16
GE,2019-08-22,8.19
GE,2019-08-23,7.97
GE,2019-08-26,8.05
GE,2019-08-27,7.93
GE,2019-08-28,7.94
GE,2019-08-29,8.11
GE,2019-08-30,8.25
GE,2019-09-03,8.33
GE,2019-09-04,8.8
GE,2019-09-05,8.81
GE,2019-09-06,8.71
GE,2019-09-09,8.96
GE,2019-09-10,9.14
GE,2019-09-11,9.36
GE,2019-09-12,9.26
GE,2019-09-13,9.34
GE,2019-09-16,9.38
GE,2019-09-17,9.36
GE,2019-09-18,9.38
GE,2019-09-19,9.42
GE,2019-09-20,9.37
GE,2019-09-23,9.34
GE,2019-09-24,8.97
GE,2019-09-25,9.16
GE,2019-09-26,9.02
GE,2019-09-27,9.04
GE,2019-09-30,8.94
GE,2019-10-01,8.61
GE,2019-10-02,8.51
GE,2019-10-03,8.71
GE,2019-10-04,8.57
GE,2019-10-07,8.56
GE,2019-10-08,8.28
GE,2019-10-09,8.35
GE,2019-10-10,8.45
GE,2019-10-11,8.8
GE,2019-10-14,8.72
GE,2019-10-15,8.89
GE,2019-10-16,8.9
GE,2019-10-17,9.04
GE,2019-10-18,8.96
GE,2019-10-21,8.79
GE,2019-10-22,9.06
GE,2019-10-23,9.14
GE,2019-10-24,8.95
GE,2019-10-25,9.0
GE,2019-10-28,9.07
GE,2019-10-29,9.07
GE,2019-10-30,10.11
GE,2019-10-31,9.98
GE,2019-11-01,10.38
GE,2019-11-04,10.93
GE,2019-11-05,10.97
GE,2019-11-06,11.02
GE,2019-11-07,11.29
GE,2019-11-08,11.52
GE,2019-11-11,11.35
GE,2019-11-12,11.42
GE,2019-11-13,11.29
GE,2019-11-14,11.29
GE,2019-11-15,11.52
GE,2019-11-18,11.44
GE,2019-11-19,11.5
GE,2019-11-20,11.39
GE,2019-11-21,11.53
GE,2019-11-22,11.55
GE,2019-11-25,11.58
GE,2019-11-26,11.35
GE,2019-11-27,11.29
GE,2019-11-29,11.27
GE,2019-12-02,11.16
GE,2019-12-03,10.99
GE,2019-12-04,10.9
GE,2019-12-05,10.79
GE,2019-12-06,11.1
GE,2019-12-09,10.99
GE,2019-12-10,11.01
GE,2019-12-11,10.97
GE,2019-12-12,11.44
GE,2019-12-13,11.34
GE,2019-12-16,11.17
GE,2019-12-17,11.1
GE,2019-12-18,10.96
GE,2019-12-19,11.04
GE,2019-12-20,11.03
GE,2019-12-23,11.16
GE,2019-12-24,11.19
GE,2019-12-26,11.23
GE,2019-12-27,11.18
GE,2019-12-30,11.08
GE,2019-12-31,11.16
GE,2020-01-02,11.93
GE,2020-01-03,11.97
GE,2020-01-06,12.14
GE,2020-01-07,12.05
GE,2020-01-08,11.94
GE,2020-01-09,11.91
GE,2020-01-10,11.67
GE,2020-01-13,12.12
GE,2020-01-14,12.03
GE,2020-01-15,11.87
GE,2020-01-16,11.84
GE,2020-01-17,11.81
GE,2020-01-21,11.66
GE,2020-01-22,11.37
GE,2020-01-23,11.77
GE,2020-01-24,11.71
GE,2020-01-27,11.44
GE,2020-01-28,11.73
GE,2020-01-29,12.94
GE,2020-01-30,12.73
GE,2020-01-31,12.45
GE,2020-02-03,12.26
GE,2020-02-04,12.58
GE,2020-02-05,12.86
GE,2020-02-06,12.95
GE,2020-02-07,12.83
GE,2020-02-10,12.91
GE,2020-02-11,12.85
GE,2020-02-12,13.16
GE,2020-02-13,12.94
GE,2020-02-14,12.83
GE,2020-02-18,12.75
GE,2020-02-19,12.61
GE,2020-02-20,12.53
GE,2020-02-21,12.25
GE,2020-02-24,11.86
GE,2020-02-25,11.32
GE,2020-02-26,10.95
GE,2020-02-27,10.39
GE,2020-02-28,10.88
GE,2020-03-02,11.21
GE,2020-03-03,10.88
GE,2020-03-04,10.95
GE,2020-03-05,10.08
GE,2020-03-06,9.4
GE,2020-03-09,8.21
GE,2020-03-10,8.85
GE,2020-03-11,8.21
GE,2020-03-12,7.23
GE,2020-03-13,7.85
GE,2020-03-16,6.66
GE,2020-03-17,7.08
GE,2020-03-18,6.6
GE,2020-03-19,6.48
GE,2020-03-20,6.52
GE,2020-03-23,6.11
GE,2020-03-24,7.01
GE,2020-03-25,7.56
GE,2020-03-26,8.12
GE,2020-03-27,7.62
GE,2020-03-30,7.89
GE,2020-03-31,7.94
GE,2020-04-01,7.04
GOOG,2019-04-01,1194.43
GOOG,2019-04-02,1200.49
GOOG,2019-04-03,1205.92
GOOG,2019-04-04,1215.0
GOOG,2019-04-05,1207.15
GOOG,2019-04-08,1203.84
GOOG,2019-04-09,1197.25
GOOG,2019-04-10,1202.16
GOOG,2019-04-11,1204.62
GOOG,2019-04-12,1217.87
GOOG,2019-04-15,1221.1
GOOG,2019-04-16,1227.13
GOOG,2019-04-17,1236.34
GOOG,2019-04-18,1236.37
GOOG,2019-04-22,1248.84
GOOG,2019-04-23,1264.55
GOOG,2019-04-24,1256.0
GOOG,2019-04-25,1263.45
GOOG,2019-04-26,1272.18
GOOG,2019-04-29,1287.58
GOOG,2019-04-30,1188.48
GOOG,2019-05-01,1168.08
GOOG,2019-05-02,1162.61
GOOG,2019-05-03,1185.4
GOOG,2019-05-06,1189.39
GOOG,2019-05-07,1174.1
GOOG,2019-05-08,1166.27
GOOG,2019-05-09,1162.38
GOOG,2019-05-10,1164.27
GOOG,2019-05-13,1132.03
GOOG,2019-05-14,1120.44
GOOG,2019-05-15,1164.21
GOOG,2019-05-16,1178.98
GOOG,2019-05-17,1162.3
GOOG,2019-05-20,1138.85
GOOG,2019-05-21,1149.63
GOOG,2019-05-22,1151.42
GOOG,2019-05-23,1140.77
GOOG,2019-05-24,1133.47
GOOG,2019-05-28,1134.15
GOOG,2019-05-29,1116.46
GOOG,2019-05-30,1117.95
GOOG,2019-05-31,1103.63
GOOG,2019-06-03,1036.23
GOOG,2019-06-04,1053.05
GOOG,2019-06-05,1042.22
GOOG,2019-06-06,1044.34
GOOG,2019-06-07,1066.04
GOOG,2019-06-10,1080.38
GOOG,2019-06-11,1078.72
GOOG,2019-06-12,1077.03
GOOG,2019-06-13,1088.77
GOOG,2019-06-14,1085.35
GOOG,2019-06-17,1092.5
GOOG,2019-06-18,1103.6
GOOG,2019-06-19,1102.33
GOOG,2019-06-20,1111.42
GOOG,2019-06-21,1121.88
GOOG,2019-06-24,1115.52
GOOG,2019-06-25,1086.35
GOOG,2019-06-26,1079.8
GOOG,2019-06-27,1076.01
GOOG,2019-06-28,1080.91
GOOG,2019-07-01,1097.95
GOOG,2019-07-02,1111.25
GOOG,2019-07-03,1121.58
GOOG,2019-07-05,1131.59
GOOG,2019-07-08,1116.35
GOOG,2019-07-09,1124.83
GOOG,2019-07-10,1140.48
GOOG,2019-07-11,1144.21
GOOG,2019-07-12,1144.9
GOOG,2019-07-15,1150.34
GOOG,2019-07-16,1153.58
GOOG,2019-07-17,1146.35
GOOG,2019-07-18,1146.33
GOOG,2019-07-19,1130.1
GOOG,2019-07-22,1138.07
GOOG,2019-07-23,1146.21
GOOG,2019-07-24,1137.81
GOOG,2019-07-25,1132.12
GOOG,2019-07-26,1250.41
GOOG,2019-07-29,1239.41
GOOG,2019-07-30,1225.14
GOOG,2019-07-31,1216.68
GOOG,2019-08-01,1209.01
GOOG,2019-08-02,1193.99
GOOG,2019-08-05,1152.32
GOOG,2019-08-06,1169.95
GOOG,2019-08-07,1173.99
GOOG,2019-08-08,1204.8
GOOG,2019-08-09,1188.01
GOOG,2019-08-12,1174.71
GOOG,2019-08-13,1197.27
GOOG,2019-08-14,1164.29
GOOG,2019-08-15,1167.26
GOOG,2019-08-16,1177.6
GOOG,2019-08-19,1198.45
GOOG,2019-08-20,1182.69
GOOG,2019-08-21,1191.25
GOOG,2019-08-22,1189.53
GOOG,2019-08-23,1151.29
GOOG,2019-08-26,1168.89
GOOG,2019-08-27,1167.84
GOOG,2019-08-28,1171.02
GOOG,2019-08-29,1192.85
GOOG,2019-08-30,1188.1
GOOG,2019-09-03,1168.39
GOOG,2019-09-04,1181.41
GOOG,2019-09-05,1211.38
GOOG,2019-09-06,1204.93
GOOG,2019-09-09,1204.41
GOOG,2019-09-10,1206.0
GOOG,2019-09-11,1220.17
GOOG,2019-09-12,1234.25
GOOG,2019-09-13,1239.56
GOOG,2019-09-16,1231.3
GOOG,2019-09-17,1229.15
GOOG,2019-09-18,1232.41
GOOG,2019-09-19,1238.71
GOOG,2019-09-20,1229.93
GOOG,2019-09-23,1234.03
GOOG,2019-09-24,1218.76
GOOG,2019-09-25,1246.52
GOOG,2019-09-26,1241.39
GOOG,2019-09-27,1225.09
GOOG,2019-09-30,1219.0
GOOG,2019-10-01,1205.1
GOOG,2019-10-02,1176.63
GOOG,2019-10-03,1187.83
GOOG,2019-10-04,1209.0
GOOG,2019-10-07,1207.68
GOOG,2019-10-08,1189.13
GOOG,2019-10-09,1202.31
GOOG,2019-10-10,1208.67
GOOG,2019-10-11,1215.45
GOOG,2019-10-14,1217.14
GOOG,2019-10-15,1243.01
GOOG,2019-10-16,1243.64
GOOG,2019-10-17,1253.07
GOOG,2019-10-18,1245.49
GOOG,2019-10-21,1246.15
GOOG,2019-10-22,1242.8
GOOG,2019-10-23,1259.13
GOOG,2019-10-24,1260.99
GOOG,2019-10-25,1265.13
GOOG,2019-10-28,1290.0
GOOG,2019-10-29,1262.62
GOOG,2019-10-30,1261.29
GOOG,2019-10-31,1260.11
GOOG,2019-11-01,1273.74
GOOG,2019-11-04,1291.37
GOOG,2019-11-05,1292.03
GOOG,2019-11-06,1291.8
GOOG,2019-11-07,1308.86
GOOG,2019-11-08,1311.37
GOOG,2019-11-11,1299.19
GOOG,2019-11-12,1298.8
GOOG,2019-11-13,1298.0
GOOG,2019-11-14,1311.46
GOOG,2019-11-15,1334.87
GOOG,2019-11-18,1320.7
GOOG,2019-11-19,1315.46
GOOG,2019-11-20,1303.05
GOOG,2019-11-21,1301.35
GOOG,2019-11-22,1295.34
GOOG,2019-11-25,1306.69
GOOG,2019-11-26,1313.55
GOOG,2019-11-27,1312.99
GOOG,2019-11-29,1304.96
GOOG,2019-12-02,1289.92
GOOG,2019-12-03,1295.28
GOOG,2019-12-04,1320.54
GOOG,2019-12-05,1328.13
GOOG,2019-12-06,1340.62
GOOG,2019-12-09,1343.56
GOOG,2019-12-10,1344.66
GOOG,2019-12-11,1345.02
GOOG,2019-12-12,1350.27
GOOG,2019-12-13,1347.83
GOOG,2019-12-16,1361.17
GOOG,2019-12-17,1355.12
GOOG,2019-12-18,1352.62
GOOG,2019-12-19,1356.04
GOOG,2019-12-20,1349.59
GOOG,2019-12-23,1348.84
GOOG,2019-12-24,1343.56
GOOG,2019-12-26,1360.4
GOOG,2019-12-27,1351.89
GOOG,2019-12-30,1336.14
GOOG,2019-12-31,1337.02
GOOG,2020-01-02,1367.37
GOOG,2020-01-03,1360.66
GOOG,2020-01-06,1394.21
GOOG,2020-01-07,1393.34
GOOG,2020-01-08,1404.32
GOOG,2020-01-09,1419.83
GOOG,2020-01-10,1429.73
GOOG,2020-01-13,1439.23
GOOG,2020-01-14,1430.88
GOOG,2020-01-15,1439.2
GOOG,2020-01-16,1451.7
GOOG,2020-01-17,1480.39
GOOG,2020-01-21,1484.4
GOOG,2020-01-22,1485.95
GOOG,2020-01-23,1486.65
GOOG,2020-01-24,1466.71
GOOG,2020-01-27,1433.9
GOOG,2020-01-28,1452.56
GOOG,2020-01-29,1458.63
GOOG,2020-01-30,1455.84
GOOG,2020-01-31,1434.23
GOOG,2020-02-03,1485.94
GOOG,2020-02-04,1447.07
GOOG,2020-02-05,1448.23
GOOG,2020-02-06,1476.23
GOOG,2020-02-07,1479.23
GOOG,2020-02-10,1508.68
GOOG,2020-02-11,1508.79
GOOG,2020-02-12,1518.27
GOOG,2020-02-13,1514.66
GOOG,2020-02-14,1520.74
GOOG,2020-02-18,1519.67
GOOG,2020-02-19,1526.69
GOOG,2020-02-20,1518.15
GOOG,2020-02-21,1485.11
GOOG,2020-02-24,1421.59
GOOG,2020-02-25,1388.45
GOOG,2020-02-26,1393.18
GOOG,2020-02-27,1318.09
GOOG,2020-02-28,1339.33
GOOG,2020-03-02,1389.11
GOOG,2020-03-03,1341.39
GOOG,2020-03-04,1386.52
GOOG,2020-03-05,1319.04
GOOG,2020-03-06,1298.41
GOOG,2020-03-09,1215.56
GOOG,2020-03-10,1280.39
GOOG,2020-03-11,1215.41
GOOG,2020-03-12,1114.91
GOOG,2020-03-13,1219.73
GOOG,2020-03-16,1084.33
GOOG,2020-03-17,1119.8
GOOG,2020-03-18,1096.8
GOOG,2020-03-19,1115.29
GOOG,2020-03-20,1072.32
GOOG,2020-03-23,1056.62
GOOG,2020-03-24,1134.46
GOOG,2020-03-25,1102.49
GOOG,2020-03-26,1161.75
GOOG,2020-03-27,1110.71
GOOG,2020-03-30,1146.82
GOOG,2020-03-31,1162.81
GOOG,2020-04-01,1105.62
JPM,2019-04-01,104.64
JPM,2019-04-02,105.14
JPM,2019-04-03,105.35
JPM,2019-04-04,105.56
JPM,2019-04-05,105.31
JPM,2019-04-08,105.65
JPM,2019-04-09,104.87
JPM,2019-04-10,105.34
JPM,2019-04-11,106.23
JPM,2019-04-12,111.21
JPM,2019-04-15,109.94
JPM,2019-04-16,111.1
JPM,2019-04-17,114.3
JPM,2019-04-18,113.46
JPM,2019-04-22,113.6
JPM,2019-04-23,113.74
JPM,2019-04-24,113.55
JPM,2019-04-25,113.61
JPM,2019-04-26,114.47
JPM,2019-04-29,116.12
JPM,2019-04-30,116.05
JPM,2019-05-01,115.16
JPM,2019-05-02,115.41
JPM,2019-05-03,116.12
JPM,2019-05-06,115.09
JPM,2019-05-07,113.21
JPM,2019-05-08,112.61
JPM,2019-05-09,112.52
JPM,2019-05-10,112.51
JPM,2019-05-13,109.45
JPM,2019-05-14,110.32
JPM,2019-05-15,109.9
JPM,2019-05-16,111.31
JPM,2019-05-17,110.77
JPM,2019-05-20,111.35
JPM,2019-05-21,111.73
JPM,2019-05-22,110.82
JPM,2019-05-23,108.64
JPM,2019-05-24,109.71
JPM,2019-05-28,108.52
JPM,2019-05-29,108.22
JPM,2019-05-30,107.06
JPM,2019-05-31,105.96
JPM,2019-06-03,106.46
JPM,2019-06-04,109.74
JPM,2019-06-05,110.13
JPM,2019-06-06,110.37
JPM,2019-06-07,109.16
JPM,2019-06-10,110.34
JPM,2019-06-11,110.68
JPM,2019-06-12,109.27
JPM,2019-06-13,109.54
JPM,2019-06-14,109.82
JPM,2019-06-17,109.22
JPM,2019-06-18,110.71
JPM,2019-06-19,109.91
JPM,2019-06-20,110.19
JPM,2019-06-21,109.44
JPM,2019-06-24,108.66
JPM,2019-06-25,107.76
JPM,2019-06-26,108.48
JPM,2019-06-27,108.84
JPM,2019-06-28,111.8
JPM,2019-07-01,113.68
JPM,2019-07-02,113.8
JPM,2019-07-03,112.82
JPM,2019-07-05,113.49
JPM,2019-07-08,112.87
JPM,2019-07-09,113.35
JPM,2019-07-10,113.02
JPM,2019-07-11,114.1
JPM,2019-07-12,115.3
JPM,2019-07-15,113.9
JPM,2019-07-16,115.12
JPM,2019-07-17,113.99
JPM,2019-07-18,114.67
JPM,2019-07-19,113.54
JPM,2019-07-22,114.27
JPM,2019-07-23,116.36
JPM,2019-07-24,116.83
JPM,2019-07-25,115.71
JPM,2019-07-26,116.22
JPM,2019-07-29,115.85
JPM,2019-07-30,115.59
JPM,2019-07-31,116.0
JPM,2019-08-01,112.94
JPM,2019-08-02,112.93
JPM,2019-08-05,109.57
JPM,2019-08-06,110.43
JPM,2019-08-07,108.03
JPM,2019-08-08,109.86
JPM,2019-08-09,109.74
JPM,2019-08-12,107.68
JPM,2019-08-13,109.34
JPM,2019-08-14,104.8
JPM,2019-08-15,105.2
JPM,2019-08-16,107.72
JPM,2019-08-19,108.69
JPM,2019-08-20,107.31
JPM,2019-08-21,107.61
JPM,2019-08-22,108.72
JPM,2019-08-23,106.02
JPM,2019-08-26,106.87
JPM,2019-08-27,105.74
JPM,2019-08-28,106.8
JPM,2019-08-29,109.22
JPM,2019-08-30,109.86
JPM,2019-09-03,108.56
JPM,2019-09-04,109.87
JPM,2019-09-05,112.37
JPM,2019-09-06,112.61
JPM,2019-09-09,115.4
JPM,2019-09-10,116.87
JPM,2019-09-11,117.19
JPM,2019-09-12,117.91
JPM,2019-09-13,120.23
JPM,2019-09-16,119.16
JPM,2019-09-17,118.57
JPM,2019-09-18,119.76
JPM,2019-09-19,119.38
JPM,2019-09-20,118.9
JPM,2019-09-23,118.88
JPM,2019-09-24,117.33
JPM,2019-09-25,118.0
JPM,2019-09-26,117.03
JPM,2019-09-27,117.72
JPM,2019-09-30,117.69
JPM,2019-10-01,115.55
JPM,2019-10-02,113.25
JPM,2019-10-03,112.19
JPM,2019-10-04,114.62
JPM,2019-10-07,114.37
JPM,2019-10-08,111.82
JPM,2019-10-09,112.63
JPM,2019-10-10,114.21
JPM,2019-10-11,116.14
JPM,2019-10-14,116.45
JPM,2019-10-15,119.96
JPM,2019-10-16,119.68
JPM,2019-10-17,120.35
JPM,2019-10-18,120.56
JPM,2019-10-21,123.55
JPM,2019-10-22,124.79
JPM,2019-10-23,125.12
JPM,2019-10-24,125.03
JPM,2019-10-25,126.03
JPM,2019-10-28,126.51
JPM,2019-10-29,126.43
JPM,2019-10-30,125.73
JPM,2019-10-31,124.92
JPM,2019-11-01,127.8
JPM,2019-11-04,128.82
JPM,2019-11-05,129.1
JPM,2019-11-06,129.3
JPM,2019-11-07,130.0
JPM,2019-11-08,130.38
JPM,2019-11-11,129.92
JPM,2019-11-12,129.16
JPM,2019-11-13,128.48
JPM,2019-11-14,128.6
JPM,2019-11-15,129.53
JPM,2019-11-18,130.62
JPM,2019-11-19,130.58
JPM,2019-11-20,129.63
JPM,2019-11-21,129.93
JPM,2019-11-22,130.79
JPM,2019-11-25,131.49
JPM,2019-11-26,131.67
JPM,2019-11-27,132.06
JPM,2019-11-29,131.76
JPM,2019-12-02,131.47
JPM,2019-12-03,129.78
JPM,2019-12-04,132.34
JPM,2019-12-05,133.06
JPM,2019-12-06,135.04
JPM,2019-12-09,134.41
JPM,2019-12-10,134.5
JPM,2019-12-11,134.18
JPM,2019-12-12,138.02
JPM,2019-12-13,136.81
JPM,2019-12-16,137.34
JPM,2019-12-17,138.18
JPM,2019-12-18,138.04
JPM,2019-12-19,137.35
JPM,2019-12-20,137.24
JPM,2019-12-23,137.2
JPM,2019-12-24,137.58
JPM,2019-12-26,139.04
JPM,2019-12-27,139.14
JPM,2019-12-30,138.63
JPM,2019-12-31,139.4
JPM,2020-01-02,141.09
JPM,2020-01-03,138.34
JPM,2020-01-06,138.23
JPM,2020-01-07,135.88
JPM,2020-01-08,136.94
JPM,2020-01-09,137.44
JPM,2020-01-10,136.07
JPM,2020-01-13,137.2
JPM,2020-01-14,138.8
JPM,2020-01-15,136.72
JPM,2020-01-16,137.25
JPM,2020-01-17,138.2
JPM,2020-01-21,136.84
JPM,2020-01-22,136.68
JPM,2020-01-23,136.54
JPM,2020-01-24,133.15
JPM,2020-01-27,132.03
JPM,2020-01-28,134.43
JPM,2020-01-29,134.23
JPM,2020-01-30,135.89
JPM,2020-01-31,132.36
JPM,2020-02-03,133.37
JPM,2020-02-04,135.29
JPM,2020-02-05,137.59
JPM,2020-02-06,137.61
JPM,2020-02-07,137.17
JPM,2020-02-10,137.74
JPM,2020-02-11,138.0
JPM,2020-02-12,138.0
JPM,2020-02-13,137.88
JPM,2020-02-14,137.46
JPM,2020-02-18,135.64
JPM,2020-02-19,137.49
JPM,2020-02-20,137.49
JPM,2020-02-21,135.81
JPM,2020-02-24,132.16
JPM,2020-02-25,126.26
JPM,2020-02-26,126.64
JPM,2020-02-27,121.37
JPM,2020-02-28,116.11
JPM,2020-03-02,121.52
JPM,2020-03-03,116.96
JPM,2020-03-04,119.85
JPM,2020-03-05,113.97
JPM,2020-03-06,108.08
JPM,2020-03-09,93.44
JPM,2020-03-10,100.7
JPM,2020-03-11,95.96
JPM,2020-03-12,88.05
JPM,2020-03-13,103.91
JPM,2020-03-16,88.36
JPM,2020-03-17,93.76
JPM,2020-03-18,83.89
JPM,2020-03-19,85.3
JPM,2020-03-20,83.5
JPM,2020-03-23,79.03
JPM,2020-03-24,88.43
JPM,2020-03-25,91.73
JPM,2020-03-26,98.12
JPM,2020-03-27,91.13
JPM,2020-03-30,93.5
JPM,2020-03-31,90.03
JPM,2020-04-01,84.36
MAR,2019-04-01,127.45
MAR,2019-04-02,128.5
MAR,2019-04-03,131.59
MAR,2019-04-04,132.2
MAR,2019-04-05,134.06
MAR,2019-04-08,134.91
MAR,2019-04-09,132.65
MAR,2019-04-10,132.75
MAR,2019-04-11,133.25
MAR,2019-04-12,134.65
MAR,2019-04-15,134.37
MAR,2019-04-16,135.8
MAR,2019-04-17,135.93
MAR,2019-04-18,134.41
MAR,2019-04-22,135.86
MAR,2019-04-23,136.28
MAR,2019-04-24,135.48
MAR,2019-04-25,135.68
MAR,2019-04-26,136.45
MAR,2019-04-29,135.97
MAR,2019-04-30,136.42
MAR,2019-05-01,138.86
MAR,2019-05-02,136.89
MAR,2019-05-03,140.14
MAR,2019-05-06,137.75
MAR,2019-05-07,135.15
MAR,2019-05-08,134.77
MAR,2019-05-09,135.47
MAR,2019-05-10,131.71
MAR,2019-05-13,126.01
MAR,2019-05-14,129.87
MAR,2019-05-15,131.83
MAR,2019-05-16,132.51
MAR,2019-05-17,130.91
MAR,2019-05-20,127.86
MAR,2019-05-21,129.43
MAR,2019-05-22,127.77
MAR,2019-05-23,123.91
MAR,2019-05-24,125.0
MAR,2019-05-28,123.7
MAR,2019-05-29,124.42
MAR,2019-05-30,124.65
MAR,2019-05-31,124.84
MAR,2019-06-03,124.36
MAR,2019-06-04,128.18
MAR,2019-06-05,127.55
MAR,2019-06-06,128.6
MAR,2019-06-07,132.52
MAR,2019-06-10,132.75
MAR,2019-06-11,134.52
MAR,2019-06-12,132.7
MAR,2019-06-13,133.62
MAR,2019-06-14,133.68
MAR,2019-06-17,132.85
MAR,2019-06-18,134.96
MAR,2019-06-19,135.68
MAR,2019-06-20,137.19
MAR,2019-06-21,137.07
MAR,2019-06-24,136.76
MAR,2019-06-25,133.28
MAR,2019-06-26,135.65
MAR,2019-06-27,138.29
MAR,2019-06-28,140.29
MAR,2019-07-01,141.23
MAR,2019-07-02,141.26
MAR,2019-07-03,141.75
MAR,2019-07-05,142.01
MAR,2019-07-08,141.3
MAR,2019-07-09,139.52
MAR,2019-07-10,141.57
MAR,2019-07-11,141.9
MAR,2019-07-12,142.55
MAR,2019-07-15,142.78
MAR,2019-07-16,143.96
MAR,2019-07-17,141.24
MAR,2019-07-18,139.8
MAR,2019-07-19,137.73
MAR,2019-07-22,136.06
MAR,2019-07-23,140.69
MAR,2019-07-24,139.79
MAR,2019-07-25,140.72
MAR,2019-07-26,140.27
MAR,2019-07-29,141.23
MAR,2019-07-30,140.81
MAR,2019-07-31,139.06
MAR,2019-08-01,136.87
MAR,2019-08-02,135.98
MAR,2019-08-05,130.34
MAR,2019-08-06,128.49
MAR,2019-08-07,127.82
MAR,2019-08-08,130.34
MAR,2019-08-09,132.46
MAR,2019-08-12,130.01
MAR,2019-08-13,132.41
MAR,2019-08-14,126.85
MAR,2019-08-15,126.7
MAR,2019-08-16,128.82
MAR,2019-08-19,130.57
MAR,2019-08-20,130.68
MAR,2019-08-21,128.35
MAR,2019-08-22,128.12
MAR,2019-08-23,125.1
MAR,2019-08-26,126.23
MAR,2019-08-27,125.35
MAR,2019-08-28,125.34
MAR,2019-08-29,125.73
MAR,2019-08-30,126.06
MAR,2019-09-03,124.27
MAR,2019-09-04,125.69
MAR,2019-09-05,128.46
MAR,2019-09-06,129.43
MAR,2019-09-09,129.91
MAR,2019-09-10,131.69
MAR,2019-09-11,133.09
MAR,2019-09-12,132.51
MAR,2019-09-13,133.99
MAR,2019-09-16,130.48
MAR,2019-09-17,130.56
MAR,2019-09-18,130.19
MAR,2019-09-19,129.55
MAR,2019-09-20,126.97
MAR,2019-09-23,125.85
MAR,2019-09-24,122.27
MAR,2019-09-25,123.03
MAR,2019-09-26,121.67
MAR,2019-09-27,120.77
MAR,2019-09-30,124.37
MAR,2019-10-01,123.4
MAR,2019-10-02,120.33
MAR,2019-10-03,119.02
MAR,2019-10-04,120.86
MAR,2019-10-07,119.2
MAR,2019-10-08,117.67
MAR,2019-10-09,118.49
MAR,2019-10-10,118.19
MAR,2019-10-11,121.18
MAR,2019-10-14,120.1
MAR,2019-10-15,121.11
MAR,2019-10-16,121.09
MAR,2019-10-17,120.57
MAR,2019-10-18,121.05
MAR,2019-10-21,123.0
MAR,2019-10-22,122.05
MAR,2019-10-23,123.49
MAR,2019-10-24,124.3
MAR,2019-10-25,126.18
MAR,2019-10-28,126.6
MAR,2019-10-29,126.53
MAR,2019-10-30,126.44
MAR,2019-10-31,126.55
MAR,2019-11-01,128.08
MAR,2019-11-04,130.16
MAR,2019-11-05,133.69
MAR,2019-11-06,132.58
MAR,2019-11-07,133.06
MAR,2019-11-08,133.2
MAR,2019-11-11,131.75
MAR,2019-11-12,132.53
MAR,2019-11-13,133.65
MAR,2019-11-14,134.55
MAR,2019-11-15,135.52
MAR,2019-11-18,135.68
MAR,2019-11-19,135.47
MAR,2019-11-20,132.71
MAR,2019-11-21,132.98
MAR,2019-11-22,136.25
MAR,2019-11-25,137.98
MAR,2019-11-26,140.08
MAR,2019-11-27,141.34
MAR,2019-11-29,140.36
MAR,2019-12-02,140.43
MAR,2019-12-03,138.56
MAR,2019-12-04,139.26
MAR,2019-12-05,140.3
MAR,2019-12-06,142.29
MAR,2019-12-09,141.35
MAR,2019-12-10,140.57
MAR,2019-12-11,142.75
MAR,2019-12-12,145.1
MAR,2019-12-13,146.16
MAR,2019-12-16,147.9
MAR,2019-12-17,148.91
MAR,2019-12-18,149.55
MAR,2019-12-19,150.04
MAR,2019-12-20,150.8
MAR,2019-12-23,151.24
MAR,2019-12-24,151.5
MAR,2019-12-26,153.13
MAR,2019-12-27,152.73
MAR,2019-12-30,151.87
MAR,2019-12-31,151.43
MAR,2020-01-02,151.49
MAR,2020-01-03,149.27
MAR,2020-01-06,147.34
MAR,2020-01-07,144.94
MAR,2020-01-08,146.73
MAR,2020-01-09,146.45
MAR,2020-01-10,145.39
MAR,2020-01-13,146.8
MAR,2020-01-14,147.15
MAR,2020-01-15,147.3
MAR,2020-01-16,149.02
MAR,2020-01-17,150.26
MAR,2020-01-21,144.37
MAR,2020-01-22,144.12
MAR,2020-01-23,144.96
MAR,2020-01-24,141.02
MAR,2020-01-27,138.0
MAR,2020-01-28,141.25
MAR,2020-01-29,142.61
MAR,2020-01-30,143.31
MAR,2020-01-31,140.06
MAR,2020-02-03,141.48
MAR,2020-02-04,147.4
MAR,2020-02-05,147.71
MAR,2020-02-06,146.22
MAR,2020-02-07,144.07
MAR,2020-02-10,145.73
MAR,2020-02-11,147.19
MAR,2020-02-12,150.78
MAR,2020-02-13,146.72
MAR,2020-02-14,144.9
MAR,2020-02-18,144.94
MAR,2020-02-19,147.63
MAR,2020-02-20,146.84
MAR,2020-02-21,143.24
MAR,2020-02-24,134.83
MAR,2020-02-25,124.08
MAR,2020-02-26,120.19
MAR,2020-02-27,119.64
MAR,2020-02-28,124.0
MAR,2020-03-02,122.96
MAR,2020-03-03,114.28
MAR,2020-03-04,118.33
MAR,2020-03-05,110.22
MAR,2020-03-06,110.66
MAR,2020-03-09,104.19
MAR,2020-03-10,109.98
MAR,2020-03-11,100.11
MAR,2020-03-12,93.71
MAR,2020-03-13,95.61
MAR,2020-03-16,86.42
MAR,2020-03-17,75.24
MAR,2020-03-18,63.81
MAR,2020-03-19,66.8
MAR,2020-03-20,74.58
MAR,2020-03-23,70.13
MAR,2020-03-24,79.14
MAR,2020-03-25,85.25
MAR,2020-03-26,82.81
MAR,2020-03-27,78.85
MAR,2020-03-30,76.16
MAR,2020-03-31,74.81
MAR,2020-04-01,69.15
MSFT,2019-04-01,119.02
MSFT,2019-04-02,119.19
MSFT,2019-04-03,119.97
MSFT,2019-04-04,119.36
MSFT,2019-04-05,119.89
MSFT,2019-04-08,119.93
MSFT,2019-04-09,119.28
MSFT,2019-04-10,120.19
MSFT,2019-04-11,120.33
MSFT,2019-04-12,120.95
MSFT,2019-04-15,121.05
MSFT,2019-04-16,120.77
MSFT,2019-04-17,121.77
MSFT,2019-04-18,123.37
MSFT,2019-04-22,123.76
MSFT,2019-04-23,125.44
MSFT,2019-04-24,125.01
MSFT,2019-04-25,129.15
MSFT,2019-04-26,129.89
MSFT,2019-04-29,129.77
MSFT,2019-04-30,130.6
MSFT,2019-05-01,127.88
MSFT,2019-05-02,126.21
MSFT,2019-05-03,128.9
MSFT,2019-05-06,128.15
MSFT,2019-05-07,125.52
MSFT,2019-05-08,125.51
MSFT,2019-05-09,125.5
MSFT,2019-05-10,127.13
MSFT,2019-05-13,123.35
MSFT,2019-05-14,124.73
MSFT,2019-05-15,126.02
MSFT,2019-05-16,128.93
MSFT,2019-05-17,128.07
MSFT,2019-05-20,126.22
MSFT,2019-05-21,126.9
MSFT,2019-05-22,127.67
MSFT,2019-05-23,126.18
MSFT,2019-05-24,126.24
MSFT,2019-05-28,126.16
MSFT,2019-05-29,124.94
MSFT,2019-05-30,125.73
MSFT,2019-05-31,123.68
MSFT,2019-06-03,119.84
MSFT,2019-06-04,123.16
MSFT,2019-06-05,125.83
MSFT,2019-06-06,127.82
MSFT,2019-06-07,131.4
MSFT,2019-06-10,132.6
MSFT,2019-06-11,132.1
MSFT,2019-06-12,131.49
MSFT,2019-06-13,132.32
MSFT,2019-06-14,132.45
MSFT,2019-06-17,132.85
MSFT,2019-06-18,135.16
MSFT,2019-06-19,135.69
MSFT,2019-06-20,136.95
MSFT,2019-06-21,136.97
MSFT,2019-06-24,137.78
MSFT,2019-06-25,133.43
MSFT,2019-06-26,133.93
MSFT,2019-06-27,134.15
MSFT,2019-06-28,133.96
MSFT,2019-07-01,135.68
MSFT,2019-07-02,136.58
MSFT,2019-07-03,137.46
MSFT,2019-07-05,137.06
MSFT,2019-07-08,136.96
MSFT,2019-07-09,136.46
MSFT,2019-07-10,137.85
MSFT,2019-07-11,138.4
MSFT,2019-07-12,138.9
MSFT,2019-07-15,138.9
MSFT,2019-07-16,137.08
MSFT,2019-07-17,136.27
MSFT,2019-07-18,136.42
MSFT,2019-07-19,136.62
MSFT,2019-07-22,138.43
MSFT,2019-07-23,139.29
MSFT,2019-07-24,140.72
MSFT,2019-07-25,140.19
MSFT,2019-07-26,141.34
MSFT,2019-07-29,141.03
MSFT,2019-07-30,140.35
MSFT,2019-07-31,136.27
MSFT,2019-08-01,138.06
MSFT,2019-08-02,136.9
MSFT,2019-08-05,132.21
MSFT,2019-08-06,134.69
MSFT,2019-08-07,135.28
MSFT,2019-08-08,138.89
MSFT,2019-08-09,137.71
MSFT,2019-08-12,135.79
MSFT,2019-08-13,138.6
MSFT,2019-08-14,133.98
MSFT,2019-08-15,133.68
MSFT,2019-08-16,136.13
MSFT,2019-08-19,138.41
MSFT,2019-08-20,137.26
MSFT,2019-08-21,138.79
MSFT,2019-08-22,137.78
MSFT,2019-08-23,133.39
MSFT,2019-08-26,135.45
MSFT,2019-08-27,135.74
MSFT,2019-08-28,135.56
MSFT,2019-08-29,138.12
MSFT,2019-08-30,137.86
MSFT,2019-09-03,136.04
MSFT,2019-09-04,137.63
MSFT,2019-09-05,140.05
MSFT,2019-09-06,139.1
MSFT,2019-09-09,137.52
MSFT,2019-09-10,136.08
MSFT,2019-09-11,136.12
MSFT,2019-09-12,137.52
MSFT,2019-09-13,137.32
MSFT,2019-09-16,136.33
MSFT,2019-09-17,137.39
MSFT,2019-09-18,138.52
MSFT,2019-09-19,141.07
MSFT,2019-09-20,139.44
MSFT,2019-09-23,139.14
MSFT,2019-09-24,137.38
MSFT,2019-09-25,139.36
MSFT,2019-09-26,139.54
MSFT,2019-09-27,137.73
MSFT,2019-09-30,139.03
MSFT,2019-10-01,137.07
MSFT,2019-10-02,134.65
MSFT,2019-10-03,136.28
MSFT,2019-10-04,138.12
MSFT,2019-10-07,137.12
MSFT,2019-10-08,135.67
MSFT,2019-10-09,138.24
MSFT,2019-10-10,139.1
MSFT,2019-10-11,139.68
MSFT,2019-10-14,139.55
MSFT,2019-10-15,141.57
MSFT,2019-10-16,140.41
MSFT,2019-10-17,139.69
MSFT,2019-10-18,137.41
MSFT,2019-10-21,138.43
MSFT,2019-10-22,136.37
MSFT,2019-10-23,137.24
MSFT,2019-10-24,139.94
MSFT,2019-10-25,140.73
MSFT,2019-10-28,144.19
MSFT,2019-10-29,142.83
MSFT,2019-10-30,144.61
MSFT,2019-10-31,143.37
MSFT,2019-11-01,143.72
MSFT,2019-11-04,144.55
MSFT,2019-11-05,144.46
MSFT,2019-11-06,144.06
MSFT,2019-11-07,144.26
MSFT,2019-11-08,145.96
MSFT,2019-11-11,146.11
MSFT,2019-11-12,147.07
MSFT,2019-11-13,147.31
MSFT,2019-11-14,148.06
MSFT,2019-11-15,149.97
MSFT,2019-11-18,150.34
MSFT,2019-11-19,150.39
MSFT,2019-11-20,149.62
MSFT,2019-11-21,149.48
MSFT,2019-11-22,149.59
MSFT,2019-11-25,151.23
MSFT,2019-11-26,152.03
MSFT,2019-11-27,152.32
MSFT,2019-11-29,151.38
MSFT,2019-12-02,149.55
MSFT,2019-12-03,149.31
MSFT,2019-12-04,149.85
MSFT,2019-12-05,149.93
MSFT,2019-12-06,151.75
MSFT,2019-12-09,151.36
MSFT,2019-12-10,151.13
MSFT,2019-12-11,151.7
MSFT,2019-12-12,153.24
MSFT,2019-12-13,154.53
MSFT,2019-12-16,155.53
MSFT,2019-12-17,154.69
MSFT,2019-12-18,154.37
MSFT,2019-12-19,155.71
MSFT,2019-12-20,157.41
MSFT,2019-12-23,157.41
MSFT,2019-12-24,157.38
MSFT,2019-12-26,158.67
MSFT,2019-12-27,158.96
MSFT,2019-12-30,157.59
MSFT,2019-12-31,157.7
MSFT,2020-01-02,160.62
MSFT,2020-01-03,158.62
MSFT,2020-01-06,159.03
MSFT,2020-01-07,157.58
MSFT,2020-01-08,160.09
MSFT,2020-01-09,162.09
MSFT,2020-01-10,161.34
MSFT,2020-01-13,163.28
MSFT,2020-01-14,162.13
MSFT,2020-01-15,163.18
MSFT,2020-01-16,166.17
MSFT,2020-01-17,167.1
MSFT,2020-01-21,166.5
MSFT,2020-01-22,165.7
MSFT,2020-01-23,166.72
MSFT,2020-01-24,165.04
MSFT,2020-01-27,162.28
MSFT,2020-01-28,165.46
MSFT,2020-01-29,168.04
MSFT,2020-01-30,172.78
MSFT,2020-01-31,170.23
MSFT,2020-02-03,174.38
MSFT,2020-02-04,180.12
MSFT,2020-02-05,179.9
MSFT,2020-02-06,183.63
MSFT,2020-02-07,183.89
MSFT,2020-02-10,188.7
MSFT,2020-02-11,184.44
MSFT,2020-02-12,184.71
MSFT,2020-02-13,183.71
MSFT,2020-02-14,185.35
MSFT,2020-02-18,187.23
MSFT,2020-02-19,187.28
MSFT,2020-02-20,184.42
MSFT,2020-02-21,178.59
MSFT,2020-02-24,170.89
MSFT,2020-02-25,168.07
MSFT,2020-02-26,170.17
MSFT,2020-02-27,158.18
MSFT,2020-02-28,162.01
MSFT,2020-03-02,172.79
MSFT,2020-03-03,164.51
MSFT,2020-03-04,170.55
MSFT,2020-03-05,166.27
MSFT,2020-03-06,161.57
MSFT,2020-03-09,150.62
MSFT,2020-03-10,160.92
MSFT,2020-03-11,153.63
MSFT,2020-03-12,139.06
MSFT,2020-03-13,158.83
MSFT,2020-03-16,135.42
MSFT,2020-03-17,146.57
MSFT,2020-03-18,140.4
MSFT,2020-03-19,142.71
MSFT,2020-03-20,137.35
MSFT,2020-03-23,135.98
MSFT,2020-03-24,148.34
MSFT,2020-03-25,146.92
MSFT,2020-03-26,156.11
MSFT,2020-03-27,149.7
MSFT,2020-03-30,160.23
MSFT,2020-03-31,157.71
MSFT,2020-04-01,152.11
WFC,2019-04-01,48.81
WFC,2019-04-02,48.21
WFC,2019-04-03,48.86
WFC,2019-04-04,49.17
WFC,2019-04-05,48.78
WFC,2019-04-08,48.88
WFC,2019-04-09,48.14
WFC,2019-04-10,47.79
WFC,2019-04-11,47.74
WFC,2019-04-12,46.49
WFC,2019-04-15,46.77
WFC,2019-04-16,47.65
WFC,2019-04-17,47.55
WFC,2019-04-18,47.58
WFC,2019-04-22,47.26
WFC,2019-04-23,47.35
WFC,2019-04-24,47.48
WFC,2019-04-25,47.51
WFC,2019-04-26,47.96
WFC,2019-04-29,48.27
WFC,2019-04-30,48.41
WFC,2019-05-01,48.23
WFC,2019-05-02,48.3
WFC,2019-05-03,48.65
WFC,2019-05-06,48.43
WFC,2019-05-07,47.17
WFC,2019-05-08,47.0
WFC,2019-05-09,46.74
WFC,2019-05-10,47.15
WFC,2019-05-13,46.33
WFC,2019-05-14,46.49
WFC,2019-05-15,45.84
WFC,2019-05-16,45.9
WFC,2019-05-17,45.7
WFC,2019-05-20,45.45
WFC,2019-05-21,46.33
WFC,2019-05-22,46.1
WFC,2019-05-23,45.56
WFC,2019-05-24,46.17
WFC,2019-05-28,45.59
WFC,2019-05-29,45.48
WFC,2019-05-30,45.05
WFC,2019-05-31,44.37
WFC,2019-06-03,44.52
WFC,2019-06-04,45.68
WFC,2019-06-05,45.86
WFC,2019-06-06,45.92
WFC,2019-06-07,45.63
WFC,2019-06-10,46.27
WFC,2019-06-11,46.26
WFC,2019-06-12,44.91
WFC,2019-06-13,45.29
WFC,2019-06-14,45.59
WFC,2019-06-17,45.27
WFC,2019-06-18,46.1
WFC,2019-06-19,45.65
WFC,2019-06-20,45.86
WFC,2019-06-21,46.89
WFC,2019-06-24,46.27
WFC,2019-06-25,46.14
WFC,2019-06-26,45.8
WFC,2019-06-27,46.29
WFC,2019-06-28,47.32
WFC,2019-07-01,47.69
WFC,2019-07-02,47.23
WFC,2019-07-03,47.66
WFC,2019-07-05,47.77
WFC,2019-07-08,47.53
WFC,2019-07-09,47.83
WFC,2019-07-10,47.15
WFC,2019-07-11,47.14
WFC,2019-07-12,47.36
WFC,2019-07-15,46.71
WFC,2019-07-16,45.3
WFC,2019-07-17,45.21
WFC,2019-07-18,45.82
WFC,2019-07-19,46.03
WFC,2019-07-22,46.48
WFC,2019-07-23,47.2
WFC,2019-07-24,48.45
WFC,2019-07-25,48.09
WFC,2019-07-26,49.3
WFC,2019-07-29,48.28
WFC,2019-07-30,48.55
WFC,2019-07-31,48.41
WFC,2019-08-01,47.06
WFC,2019-08-02,47.44
WFC,2019-08-05,46.14
WFC,2019-08-06,46.93
WFC,2019-08-07,45.81
WFC,2019-08-08,46.4
WFC,2019-08-09,46.3
WFC,2019-08-12,45.43
WFC,2019-08-13,45.96
WFC,2019-08-14,43.97
WFC,2019-08-15,43.38
WFC,2019-08-16,44.39
WFC,2019-08-19,45.25
WFC,2019-08-20,44.68
WFC,2019-08-21,45.0
WFC,2019-08-22,45.62
WFC,2019-08-23,44.42
WFC,2019-08-26,44.98
WFC,2019-08-27,44.75
WFC,2019-08-28,45.47
WFC,2019-08-29,46.19
WFC,2019-08-30,46.57
WFC,2019-09-03,46.09
WFC,2019-09-04,46.5
WFC,2019-09-05,47.62
WFC,2019-09-06,47.15
WFC,2019-09-09,48.41
WFC,2019-09-10,48.31
WFC,2019-09-11,48.85
WFC,2019-09-12,48.65
WFC,2019-09-13,48.92
WFC,2019-09-16,48.98
WFC,2019-09-17,48.76
WFC,2019-09-18,48.93
WFC,2019-09-19,48.91
WFC,2019-09-20,48.63
WFC,2019-09-23,48.96
WFC,2019-09-24,48.65
WFC,2019-09-25,49.26
WFC,2019-09-26,48.87
WFC,2019-09-27,50.71
WFC,2019-09-30,50.44
WFC,2019-10-01,49.06
WFC,2019-10-02,48.47
WFC,2019-10-03,48.48
WFC,2019-10-04,49.21
WFC,2019-10-07,48.81
WFC,2019-10-08,47.82
WFC,2019-10-09,48.15
WFC,2019-10-10,48.65
WFC,2019-10-11,49.21
WFC,2019-10-14,49.27
WFC,2019-10-15,50.11
WFC,2019-10-16,49.59
WFC,2019-10-17,49.61
WFC,2019-10-18,49.97
WFC,2019-10-21,50.46
WFC,2019-10-22,50.62
WFC,2019-10-23,50.93
WFC,2019-10-24,51.1
WFC,2019-10-25,51.57
WFC,2019-10-28,51.65
WFC,2019-10-29,52.17
WFC,2019-10-30,52.03
WFC,2019-10-31,51.63
WFC,2019-11-01,52.18
WFC,2019-11-04,52.72
WFC,2019-11-05,53.3
WFC,2019-11-06,53.8
WFC,2019-11-07,54.0
WFC,2019-11-08,54.1
WFC,2019-11-11,54.05
WFC,2019-11-12,54.22
WFC,2019-11-13,53.29
WFC,2019-11-14,53.49
WFC,2019-11-15,53.8
WFC,2019-11-18,54.0
WFC,2019-11-19,54.03
WFC,2019-11-20,53.54
WFC,2019-11-21,53.56
WFC,2019-11-22,54.28
WFC,2019-11-25,54.21
WFC,2019-11-26,53.81
WFC,2019-11-27,54.34
WFC,2019-11-29,54.46
WFC,2019-12-02,53.62
WFC,2019-12-03,52.58
WFC,2019-12-04,53.24
WFC,2019-12-05,53.23
WFC,2019-12-06,54.37
WFC,2019-12-09,53.92
WFC,2019-12-10,53.69
WFC,2019-12-11,53.17
WFC,2019-12-12,54.36
WFC,2019-12-13,53.79
WFC,2019-12-16,54.22
WFC,2019-12-17,54.34
WFC,2019-12-18,53.67
WFC,2019-12-19,53.63
WFC,2019-12-20,53.33
WFC,2019-12-23,53.81
WFC,2019-12-24,53.82
WFC,2019-12-26,54.15
WFC,2019-12-27,53.92
WFC,2019-12-30,53.6
WFC,2019-12-31,53.8
WFC,2020-01-02,53.75
WFC,2020-01-03,53.42
WFC,2020-01-06,53.1
WFC,2020-01-07,52.66
WFC,2020-01-08,52.82
WFC,2020-01-09,52.73
WFC,2020-01-10,52.5
WFC,2020-01-13,52.11
WFC,2020-01-14,49.3
WFC,2020-01-15,48.32
WFC,2020-01-16,49.25
WFC,2020-01-17,49.18
WFC,2020-01-21,48.94
WFC,2020-01-22,48.56
WFC,2020-01-23,48.22
WFC,2020-01-24,47.57
WFC,2020-01-27,47.1
WFC,2020-01-28,47.37
WFC,2020-01-29,47.27
WFC,2020-01-30,47.91
WFC,2020-01-31,46.94
WFC,2020-02-03,47.12
WFC,2020-02-04,47.26
WFC,2020-02-05,48.31
WFC,2020-02-06,47.98
WFC,2020-02-07,47.84
WFC,2020-02-10,47.77
WFC,2020-02-11,47.99
WFC,2020-02-12,47.79
WFC,2020-02-13,48.12
WFC,2020-02-14,48.22
WFC,2020-02-18,46.99
WFC,2020-02-19,47.09
WFC,2020-02-20,47.34
WFC,2020-02-21,47.7
WFC,2020-02-24,46.39
WFC,2020-02-25,45.12
WFC,2020-02-26,44.14
WFC,2020-02-27,42.47
WFC,2020-02-28,40.85
WFC,2020-03-02,42.26
WFC,2020-03-03,40.53
WFC,2020-03-04,41.4
WFC,2020-03-05,38.9
WFC,2020-03-06,37.09
WFC,2020-03-09,32.48
WFC,2020-03-10,35.08
WFC,2020-03-11,32.33
WFC,2020-03-12,27.2
WFC,2020-03-13,30.89
WFC,2020-03-16,26.5
WFC,2020-03-17,29.63
WFC,2020-03-18,28.12
WFC,2020-03-19,28.29
WFC,2020-03-20,26.5
WFC,2020-03-23,25.25
WFC,2020-03-24,28.92
WFC,2020-03-25,28.97
WFC,2020-03-26,30.9
WFC,2020-03-27,30.28
WFC,2020-03-30,29.92
WFC,2020-03-31,28.7
WFC,2020-04-01,26.57